,businessman,politician,cricket,hollywood,bollywood,musician,literature,sports,criminal,astrologer,singer,scientist,football,hockey
0,donald-trump-horoscope.asp,pawan-khera-horoscope.asp,yograj-singh-horoscope.asp,kevin-hart-horoscope.asp,sushant-singh-rajput-horoscope.asp,billie-eilish-horoscope.asp,kumar-vishwas-horoscope.asp,akanksha-singh-horoscope.asp,cameron-michael-hooker-horoscope.asp,penny-thornton-horoscope.asp,jagadguru-sri-rambhadracharya-ji-horoscope.asp,a-p-j-abdul-kalam-horoscope.asp,eric-abidal-horoscope.asp,dhyan-chand-horoscope.asp
1,vijay-shekhar-sharma-horoscope.asp,innocent-vincent-horoscope.asp,imran-khan-horoscope.asp,jean-arthur-horoscope.asp,dulquer-salmaan-horoscope.asp,caleb-landry-jones-horoscope.asp,virginia-woolf-horoscope.asp,imran-khan-horoscope.asp,perry-smith-horoscope.asp,vasant-damodar-bhat-horoscope.asp,billie-eilish-horoscope.asp,tim-berners-lee-horoscope.asp,bhaichung-bhutia-horoscope.asp,doug-smith-horoscope.asp
2,jay-mehta-horoscope.asp,anubhav-mohanty-horoscope.asp,mithali-raj-horoscope.asp,samaire-armstrong-horoscope.asp,abhimanyu-singh-horoscope.asp,finn-wolfhard-horoscope.asp,phil-henderson-horoscope.asp,dhyan-chand-horoscope.asp,master-marcus-horoscope.asp,brian-clark-horoscope.asp,lea-michele-horoscope.asp,albert-einstein-horoscope.asp,diego-maradona-horoscope.asp,vikram-pillay-horoscope.asp
3,mohit-burman-horoscope.asp,sanjay-raut-horoscope.asp,ben-stokes-horoscope.asp,bess-armstrong-horoscope.asp,vatsal-sheth-horoscope.asp,roshan-prince-horoscope.asp,glenn-perry-horoscope.asp,manoj-kumar-boxer-horoscope.asp,arthur-jackson-horoscope.asp,joyce-mason-horoscope.asp,nicki-minaj-horoscope.asp,subhash-khot-horoscope.asp,neymar-horoscope.asp,yuvraj-walmiki-horoscope.asp
4,akash-ambani-horoscope.asp,imran-khan-horoscope.asp,anjum-chopra-horoscope.asp,nancy-allen-horoscope.asp,sumedh-mudgalkar-horoscope.asp,jeremy-renner-horoscope.asp,srinivasa-ramanujan-horoscope.asp,doug-bollinger-horoscope.asp,kenny-anderson-horoscope.asp,jan-moore-horoscope.asp,dua-lipa-horoscope.asp,john-lilly-horoscope.asp,joachim-low-horoscope.asp,michael-nobbs-horoscope.asp
5,hugh-hefner-horoscope.asp,dushyant-chautala-horoscope.asp,sachin-tendulkar-horoscope.asp,jean-acker-horoscope.asp,salman-khan-1-horoscope.asp,michael-pena-horoscope.asp,bob-bridges-horoscope.asp,doug-smith-horoscope.asp,steven-bryant-horoscope.asp,jagannath-bhasin-horoscope.asp,iggy-azalea-horoscope.asp,kenneth-ring-horoscope.asp,phil-foden-horoscope.asp,sreejesh-ravindran-horoscope.asp
6,j-paul-getty-horoscope.asp,hemant-soren-horoscope.asp,mayank-markande-horoscope.asp,jillian-armenante-horoscope.asp,richa-chadda-horoscope.asp,aadhi-hiphop-tamizha-horoscope.asp,arthur-young-horoscope.asp,vikram-pillay-horoscope.asp,leslie-sees-horoscope.asp,barbara-cameron-horoscope.asp,ed-sheeran-horoscope.asp,john-h-nelson-horoscope.asp,drew-brees-horoscope.asp,v-r-raghunath-horoscope.asp
7,vijay-mallya-horoscope.asp,uddhav-thackeray-horoscope.asp,rahul-tewatia-horoscope.asp,laura-allen-horoscope.asp,sajid-khan-horoscope.asp,jorja-fox-horoscope.asp,dylan-thomas-horoscope.asp,parupalli-kashyap-horoscope.asp,mary-johnson-horoscope.asp,c-g-rajan-horoscope.asp,john-legend-horoscope.asp,alexander-graham-bell-horoscope.asp,andrew-luck-horoscope.asp,deepak-thakur-horoscope.asp
8,bill-gates-horoscope.asp,sanna-marin-horoscope.asp,deepak-chahar-horoscope.asp,amy-acker-horoscope.asp,rakhi-sawant-horoscope.asp,david-lee-jones-horoscope.asp,sylvia-plath-horoscope.asp,hima-das-horoscope.asp,krista-lea-harrison-horoscope.asp,graham-dawson-horoscope.asp,lauren-ambrose-horoscope.asp,pranav-mistry-horoscope.asp,manandeep-singh-horoscope.asp,danish-mujtaba-horoscope.asp
9,anil-ambani-horoscope.asp,nitin-raut-horoscope.asp,monu-kumar-horoscope.asp,ashley-argota-horoscope.asp,rishi-kapoor-horoscope.asp,elizabeth-smart-horoscope.asp,arthur-rimbaud-horoscope.asp,diego-maradona-horoscope.asp,larry-winters-horoscope.asp,ima-roberts-horoscope.asp,trini-alvarado-horoscope.asp,john-g-bennett-horoscope.asp,mehtab-hossain-horoscope.asp,jose-brasa-horoscope.asp
10,mukesh-ambani-horoscope.asp,eknath-shinde-horoscope.asp,rishabh-pant-horoscope.asp,krista-allen-horoscope.asp,irrfan-khan-horoscope.asp,peter-green-horoscope.asp,chris-carter-horoscope.asp,neymar-horoscope.asp,warren-david-jones-horoscope.asp,john-little-horoscope.asp,candice-king-horoscope.asp,paul-ehrlich-horoscope.asp,raju-gaikwad-horoscope.asp,gurbaj-singh-horoscope.asp
11,ratan-tata-horoscope.asp,balasaheb-thorat-horoscope.asp,m-s-dhoni-horoscope.asp,eve-arden-horoscope.asp,ishaa-koppikar-horoscope.asp,michael-lewis-horoscope.asp,samuel-johnson-horoscope.asp,virat-kohli-horoscope.asp,charles-stuart-horoscope.asp,dal-lee-horoscope.asp,elizabeth-allen-horoscope.asp,guglielmo-marconi-horoscope.asp,terry-bradshaw-horoscope.asp,rajpal-singh-horoscope.asp
12,jerry-jones-horoscope.asp,jayant-patil-horoscope.asp,shimron-hetmyer-horoscope.asp,whitney-able-horoscope.asp,ravi-kishan-horoscope.asp,ustad-bismillah-khan-horoscope.asp,tracy-marks-horoscope.asp,heena-sidhu-horoscope.asp,michael-damon-horoscope.asp,erin-cameron-horoscope.asp,debbie-allen-horoscope.asp,john-bartholomew-horoscope.asp,roy-hodgson-horoscope.asp,sardara-singh-horoscope.asp
13,gautam-adani-horoscope.asp,chhagan-bhujbal-horoscope.asp,milind-kumar-horoscope.asp,leila-arcieri-horoscope.asp,katrina-kaif-horoscope.asp,joe-perry-horoscope.asp,d-h-lawrence-horoscope.asp,ishant-sharma-horoscope.asp,ralph-richard-horoscope.asp,robert-hand-horoscope.asp,diahnne-abbott-horoscope.asp,percival-lowell-horoscope.asp,chris-miller-horoscope.asp,sarwanjit-singh-horoscope.asp
14,kushal-pal-singh-horoscope.asp,aaditya-thackeray-horoscope.asp,devdutt-padikkal-horoscope.asp,donzaleigh-abernathy-horoscope.asp,sandhya-mridul-horoscope.asp,james-blades-horoscope.asp,hamid-gul-horoscope.asp,r-ashwin-horoscope.asp,dawn-brown-horoscope.asp,drjames-hayes-horoscope.asp,shiri-appleby-horoscope.asp,newton-horoscope.asp,justin-ryan-simpson-horoscope.asp,shivendra-singh-horoscope.asp
15,subhash-chandra-horoscope.asp,arun-jaitley-horoscope.asp,heinrich-klaasen-horoscope.asp,diahnne-abbott-horoscope.asp,sharman-joshi-horoscope.asp,john-stewart-horoscope.asp,ben-logan-horoscope.asp,v-v-s-laxman-horoscope.asp,osama-bin-laden-horoscope.asp,jeff-green-horoscope.asp,tatyana-ali-horoscope.asp,floyd-taylor-horoscope.asp,marco-verratti-horoscope.asp,sreejesh-raveendran-horoscope.asp
16,andrew-carnegie-horoscope.asp,sheila-dikshit-horoscope.asp,himmat-singh-horoscope.asp,christina-applegate-horoscope.asp,kangana-ranaut-horoscope.asp,son-stewart-horoscope.asp,james-hilton-horoscope.asp,gautam-gambhir-horoscope.asp,stephanie-bryan-horoscope.asp,stephen-hill-horoscope.asp,susan-anton-horoscope.asp,,lorenzo-insigne-horoscope.asp,tushar-khandker-horoscope.asp
17,naresh-goyal-horoscope.asp,sushma-swaraj-horoscope.asp,prayas-ray-barman-horoscope.asp,ana-alicia-horoscope.asp,vishal-bhardwaj-horoscope.asp,daler-mehndi-horoscope.asp,naura-hayden-horoscope.asp,zaheer-khan-horoscope.asp,mary-case-horoscope.asp,david-hayward-horoscope.asp,harini-horoscope.asp,,gabriel-paletta-horoscope.asp,adrian-d-souza-horoscope.asp
18,anand-mahindra-horoscope.asp,jamyang-tsering-namgyal-horoscope.asp,shivam-dube-horoscope.asp,caroline-aaron-horoscope.asp,shreya-narayan-horoscope.asp,don-ho-horoscope.asp,john-cage-horoscope.asp,rahul-dravid-horoscope.asp,herbert-john-bennett-horoscope.asp,f-t-allen-horoscope.asp,vijay-antony-horoscope.asp,,leonardo-bonucci-horoscope.asp,sandeep-singh-horoscope.asp
19,christopher-kennedy-horoscope.asp,tulsi-gabbard-horoscope.asp,shubham-ranjane-horoscope.asp,shiri-appleby-horoscope.asp,sohail-khan-horoscope.asp,ravindra-jain-horoscope.asp,ranjit-sinha-horoscope.asp,sourav-ganguly-1-horoscope.asp,gerald-gallego-horoscope.asp,robin-armstrong-horoscope.asp,mahalingam-sasikumar-horoscope.asp,,ciro-immobile-horoscope.asp,k-d-singh-babu-horoscope.asp
20,elizabeth-arden-horoscope.asp,boris-johnson-horoscope.asp,riyan-parag-horoscope.asp,susan-anton-horoscope.asp,rekha-horoscope.asp,ustad-ghulam-mustafa-khan-horoscope.asp,h-l-dattu-horoscope.asp,sourav-ganguly-horoscope.asp,virginia-brooks-horoscope.asp,sanjay-rath-horoscope.asp,yugendran-horoscope.asp,,marco-parolo-horoscope.asp,sean-o'donnell-horoscope.asp
21,marilyn-brooks-horoscope.asp,priti-patel-horoscope.asp,shashank-singh-horoscope.asp,sasha-alexander-horoscope.asp,amitabh-bachchan-horoscope.asp,jerry-garcia-horoscope.asp,p-sathasivam-horoscope.asp,virender-sehwag-horoscope.asp,legs-diamond-horoscope.asp,joel-c-dobin-horoscope.asp,zubeen-garg-horoscope.asp,,daniele-de-rossi-horoscope.asp,lester-patrick-horoscope.asp
22,j-r-d-tata-horoscope.asp,nusrat-jahan-horoscope.asp,liam-livingstone-horoscope.asp,daniel-kaluuya-horoscope.asp,neha-dhupia-horoscope.asp,bill-berry-horoscope.asp,john-j-anthony-horoscope.asp,manandeep-singh-horoscope.asp,thomas-dillon-horoscope.asp,jim-gross-horoscope.asp,piyush-mishra-horoscope.asp,,andrea-barzagli-horoscope.asp,gurwinder-singh-chandi-horoscope.asp
23,byrraju-ramalinga-raju-horoscope.asp,tejasvi-surya-horoscope.asp,ashton-turner-horoscope.asp,maisie-williams-horoscope.asp,manoj-kumar-horoscope.asp,stephen-foster-horoscope.asp,madhu-kishwar-horoscope.asp,jim-jackson-horoscope.asp,betty-hill-horoscope.asp,orion-horoscope.asp,lucky-ali-horoscope.asp,,alberto-aquilani-horoscope.asp,arjun-halappa-horoscope.asp
24,mohan-singh-oberoi-1-horoscope.asp,amit-shah-horoscope.asp,oshane-thomas-horoscope.asp,sophie-turner-horoscope.asp,hrithik-roshan-horoscope.asp,brian-wilson-horoscope.asp,sanjiv-bhatt-horoscope.asp,mehtab-hossain-horoscope.asp,john-dillinger-horoscope.asp,alan-leo-horoscope.asp,lorde-horoscope.asp,,mattia-perin-horoscope.asp,
25,s-l-kirloskar-horoscope.asp,imran-pratapgarhi-horoscope.asp,ish-sodhi-horoscope.asp,lorde-horoscope.asp,swara-bhaskar-horoscope.asp,benjamin-franklin-horoscope.asp,teesta-setalvad-horoscope.asp,peter-judge-horoscope.asp,flee-bailey-horoscope.asp,jeff-mayo-horoscope.asp,dulquer-salmaan-horoscope.asp,,salvatore-sirigu-horoscope.asp,
26,o-p-jindal-horoscope.asp,giriraj-singh-horoscope.asp,rasikh-salam-horoscope.asp,jessica-williams-horoscope.asp,vaibhavi-merchant-horoscope.asp,thomas-clarke-horoscope.asp,robert-anthony-stone-horoscope.asp,robin-roberts-horoscope.asp,michael-morgan-horoscope.asp,sydney-george-old-horoscope.asp,vivek-shauq-horoscope.asp,,alessio-cerci-horoscope.asp,
27,juan-march-horoscope.asp,kanhaiya-kumar-horoscope.asp,pankaj-jaiswal-horoscope.asp,aulii-cravalho-horoscope.asp,dina-pathak-horoscope.asp,jimmy-page-horoscope.asp,charles-bukowski-horoscope.asp,red-smith-horoscope.asp,richard-allen-davis-horoscope.asp,cheiro-horoscope.asp,tarsem-jassar-horoscope.asp,,antonio-cassano-horoscope.asp,
28,ramkrishna-dalmia-horoscope.asp,thushar-vellappally-horoscope.asp,anmolpreet-singh-horoscope.asp,caleb-landry-jones-horoscope.asp,milind-soman-horoscope.asp,malcolm-young-horoscope.asp,fali-sam-nariman-horoscope.asp,raju-gaikwad-horoscope.asp,thomas-hamilton-horoscope.asp,j-c-luthra-horoscope.asp,jazzy-b-horoscope.asp,,mario-balotelli-horoscope.asp,
29,kumar-mangalam-birla-horoscope.asp,shankar-lalwani-horoscope.asp,anrich-nortje-horoscope.asp,letitia-wright-horoscope.asp,ashutosh-rana-horoscope.asp,jerry-grant-horoscope.asp,russell-baker-horoscope.asp,brian-hill-horoscope.asp,martin-bryant-horoscope.asp,martha-jones-horoscope.asp,jassi-gill-horoscope.asp,,claudio-marchisio-horoscope.asp,
30,krishna-kumar-birla-horoscope.asp,dinesh-pratap-singh-horoscope.asp,prithvi-raj-horoscope.asp,cameron-monaghan-horoscope.asp,alia-bhatt-horoscope.asp,edgar-winter-horoscope.asp,lee-adams-horoscope.asp,lance-armstrong-horoscope.asp,robert-sheets-horoscope.asp,james-jason-francis-horoscope.asp,jass-bajwa-horoscope.asp,,ignazio-abate-horoscope.asp,
31,ghanshyam-das-birla-horoscope.asp,dinesh-lal-yadav-horoscope.asp,shrikant-mundhe-horoscope.asp,finn-wolfhard-horoscope.asp,amit-sadh-horoscope.asp,maurice-white-horoscope.asp,steve-brown-horoscope.asp,phil-jackson-horoscope.asp,jennifer-murphy-horoscope.asp,gloria-star-horoscope.asp,jaggi-singh-horoscope.asp,,antonio-candreva-horoscope.asp,
32,rahul-bajaj-horoscope.asp,atishi-marlena-horoscope.asp,nikhil-naik-horoscope.asp,yara-shahidi-horoscope.asp,parveen-babi-horoscope.asp,keith-richards-horoscope.asp,anthony-west-horoscope.asp,kelly-marie-miller-horoscope.asp,timothy-mcveigh-horoscope.asp,liz-greene-horoscope.asp,hardy-sandhu-horoscope.asp,,thiago-motta-horoscope.asp,
33,jamnalal-bajaj-horoscope.asp,poonam-mahajan-horoscope.asp,sam-curran-horoscope.asp,rachel-brosnahan-horoscope.asp,ajay-devgan-horoscope.asp,mike-mills-horoscope.asp,john-mcdonald-horoscope.asp,lisa-marie-allen-horoscope.asp,robert-black-horoscope.asp,john-mccormick-horoscope.asp,khushboo-grewal-horoscope.asp,,matteo-darmian-horoscope.asp,
34,dhirubhai-ambani-horoscope.asp,pragya-singh-thakur-horoscope.asp,harry-gurney-horoscope.asp,jon-bernthal-horoscope.asp,amrita-arora-horoscope.asp,sam-most-horoscope.asp,travis-best-horoscope.asp,terry-bradshaw-horoscope.asp,tommy-smith-horoscope.asp,bill-sweeney-horoscope.asp,parmish-verma-horoscope.asp,,giorgio-chiellini-horoscope.asp,
35,charles-percy-horoscope.asp,sumitra-mahajan-horoscope.asp,joe-denly-horoscope.asp,samuel-l-jackson-horoscope.asp,a-k-hangal-horoscope.asp,brenda-lee-horoscope.asp,michael-blake-horoscope.asp,graeme-smith-horoscope.asp,jimmy-dean-green-horoscope.asp,lj-jensen-horoscope.asp,sarbjit-cheema-horoscope.asp,,mattia-de-sciglio-horoscope.asp,
36,joseph-patrick-ii-kennedy-horoscope.asp,priyanka-vadra-horoscope.asp,lockie-ferguson-horoscope.asp,ryan-gosling-horoscope.asp,manisha-koirala-horoscope.asp,gene-allen-horoscope.asp,art-bell-horoscope.asp,mushfiqur-rahim-horoscope.asp,eric-david-harris-horoscope.asp,eugene-moore-horoscope.asp,satinder-sartaaj-horoscope.asp,,luke-shaw-horoscope.asp,
37,howard-hughes-horoscope.asp,priyanka-gandhi-horoscope.asp,prasidh-krishna-horoscope.asp,domhnall-gleeson-horoscope.asp,shruti-haasan-horoscope.asp,dennis-wilson-horoscope.asp,helen-gurley-brown-horoscope.asp,mashrafe-mortaza-horoscope.asp,benjamin-smith-horoscope.asp,bangalore-venkata-raman-horoscope.asp,gurshabad-singh-horoscope.asp,,fraser-forster-horoscope.asp,
38,hiroshi-yamauchi-horoscope.asp,rahul-gandhi-horoscope.asp,harpreet-brar-horoscope.asp,mackenzie-davis-horoscope.asp,payal-rohatgi-horoscope.asp,david-troy-horoscope.asp,carter-cooper-horoscope.asp,syed-abid-ali-horoscope.asp,simon-piper-horoscope.asp,bonnie-parker-horoscope.asp,shehnaaz-kaur-gill-horoscope.asp,,ross-barkley-horoscope.asp,
39,raj-kundra-horoscope.asp,narendra-modi-horoscope.asp,agnivesh-ayachi-horoscope.asp,daisy-ridley-horoscope.asp,pooja-mishra-horoscope.asp,dick-clark-horoscope.asp,robert-burns-horoscope.asp,lalit-modi-horoscope.asp,paul-dunn-horoscope.asp,charles-emerson-horoscope.asp,inderjit-nikku-horoscope.asp,,adam-lallana-horoscope.asp,
40,lawrence-walsh-horoscope.asp,anil-baluni-horoscope.asp,arshdeep-singh-horoscope.asp,lakeith-stanfield-horoscope.asp,namitha-horoscope.asp,jeff-buckley-horoscope.asp,robert-schwartz-horoscope.asp,dawn-fraser-horoscope.asp,,howard-l-cornell-horoscope.asp,yuvraj-hans-horoscope.asp,,raheem-sterling-horoscope.asp,
41,michael-jackson-horoscope.asp,akhilesh-pratap-singh-horoscope.asp,darshan-nalkande-horoscope.asp,rose-leslie-horoscope.asp,natasha-rastogi-horoscope.asp,william-anderson-horoscope.asp,diane-williams-horoscope.asp,ted-williams-horoscope.asp,,subedar-singh-horoscope.asp,b-praak-horoscope.asp,,rickie-lambert-horoscope.asp,
42,steve-ballmer-horoscope.asp,gvl-narasimha-rao-horoscope.asp,hardus-viljoen-horoscope.asp,thandie-newton-horoscope.asp,nandana-sen-horoscope.asp,pat-o'brien-horoscope.asp,simone-de-beauvoir-horoscope.asp,scott-hamilton-horoscope.asp,,bruce-king-horoscope.asp,kanth-kaler-horoscope.asp,,james-milner-horoscope.asp,
43,siddharth-roy-kapur-horoscope.asp,ragini-nayak-horoscope.asp,nicolas-pooran-horoscope.asp,jeremy-renner-horoscope.asp,mandira-bedi-horoscope.asp,charlie-daniels-horoscope.asp,guru-gobind-singh-horoscope.asp,vijay-kumar-horoscope.asp,,gordon-m-brown-horoscope.asp,neha-kakkar-horoscope.asp,,phil-jones-horoscope.asp,
44,azim-premji-horoscope.asp,jaiveer-shergill-horoscope.asp,prabhsimran-singh-horoscope.asp,timothee-chalamet-horoscope.asp,masumeh-makhija-horoscope.asp,chad-smith-horoscope.asp,robert-duncan-horoscope.asp,david-thomas-horoscope.asp,,al-h-morrison-horoscope.asp,jasmine-sandlas-horoscope.asp,,alex-oxlade-chamberlain-horoscope.asp,
45,alan-sugar-horoscope.asp,sanjay-nirupam-horoscope.asp,varun-chakravathi-horoscope.asp,jesse-plemons-horoscope.asp,kriti-kharbanda-horoscope.asp,jimmy-seals-horoscope.asp,alan-watts-horoscope.asp,chris-miller-horoscope.asp,,paul-clancy-horoscope.asp,roshan-prince-horoscope.asp,,jordan-henderson-horoscope.asp,
46,richard-branson-horoscope.asp,priyanka-chaturvedi-horoscope.asp,bandaru-ayyappa-horoscope.asp,shailene-woodley-horoscope.asp,divya-dutta-horoscope.asp,ravi-shankar-1-horoscope.asp,jrr-tolkien-horoscope.asp,jerry-tarkanian-horoscope.asp,,william-m-davidson-horoscope.asp,sukh-e-horoscope.asp,,ben-foster-horoscope.asp,
47,rosa-li-horoscope.asp,sudhanshu-trivedi-horoscope.asp,nathu-singh-horoscope.asp,tye-sheridan-horoscope.asp,chitrashi-rawat-horoscope.asp,nico-horoscope.asp,alexander-smith-horoscope.asp,bhuvneshwar-kumar-horoscope.asp,,krishna-kumar-pathak-horoscope.asp,nimrat-khaira-horoscope.asp,,chris-smalling-horoscope.asp,
48,john-d-rockefeller-horoscope.asp,anurag-bhadouria-horoscope.asp,ankush-bains-horoscope.asp,laura-dern-horoscope.asp,anu-aggarwal-horoscope.asp,richard-carpenter-horoscope.asp,john-j-stanley-horoscope.asp,justin-ryan-simpson-horoscope.asp,,katherine-de-jersey-horoscope.asp,ranjit-bawa-horoscope.asp,,danny-welbeck-horoscope.asp,
49,john-rockefeller-horoscope.asp,saurabh-bhardwaj-horoscope.asp,keemo-paul-horoscope.asp,kate-mckinnon-horoscope.asp,priyamani-horoscope.asp,ann-wilson-horoscope.asp,henry-miller-horoscope.asp,sushil-kumar-horoscope.asp,,roger-elliot-horoscope.asp,badshah-horoscope.asp,,daniel-sturridge-horoscope.asp,
50,nicky-hilton-horoscope.asp,gaurav-bhatia-horoscope.asp,sherfane-rutherford-horoscope.asp,aubrey-plaza-horoscope.asp,meera-chopra-horoscope.asp,robert-bell-horoscope.asp,jimmy-buffet-horoscope.asp,don-carter-horoscope.asp,,bhaskaranand-lohani-horoscope.asp,ammy-virk-horoscope.asp,,frank-lampard-horoscope.asp,
51,laxmanrao-kirloskar-horoscope.asp,sanjay-jha-horoscope.asp,colin-ingram-horoscope.asp,zac-efron-horoscope.asp,neetu-singh-horoscope.asp,alex-harvey-horoscope.asp,jan-bone-horoscope.asp,jay-matthews-horoscope.asp,,charles-harvey-horoscope.asp,guru-randhawa-horoscope.asp,,jack-wilshere-horoscope.asp,
52,subrata-roy-horoscope.asp,randeep-surjewala-horoscope.asp,ruturaj-gaikwad-horoscope.asp,tom-hiddleston-horoscope.asp,juhi-parmar-horoscope.asp,steve-reich-horoscope.asp,george-johnson-horoscope.asp,bill-bradley-horoscope.asp,,mahadev-damodar-bhat-horoscope.asp,harbhajan-maan-horoscope.asp,,phil-jagielka-horoscope.asp,
53,charles-saatchi-horoscope.asp,rajiv-tyagi-horoscope.asp,km-asif-horoscope.asp,robin-wright-horoscope.asp,pooja-bedi-horoscope.asp,ludwig-van-beethoven-horoscope.asp,philip-k-dick-horoscope.asp,robert-graves-horoscope.asp,,richard-james-morrison-horoscope.asp,amrinder-gill-horoscope.asp,,gary-cahill-horoscope.asp,
54,shashi-kiran-shetty-horoscope.asp,nalin-kohli-horoscope.asp,doug-bollinger-horoscope.asp,hailee-steinfeld-horoscope.asp,mahek-chahal-horoscope.asp,john-lennon-1-horoscope.asp,francis-thompson-horoscope.asp,om-prakash-singh-karhana-horoscope.asp,,hans-j-andersen-horoscope.asp,gippy-grewal-horoscope.asp,,leighton-baines-horoscope.asp,
55,mahmoud-abbas-horoscope.asp,abhishek-singhvi-horoscope.asp,vinod-kambli-horoscope.asp,chris-pine-horoscope.asp,rajnikanth-horoscope.asp,john-lennon-horoscope.asp,tarun-tejpal-horoscope.asp,marcelo-vieira-horoscope.asp,,grant-lewi-horoscope.asp,zac-efron-horoscope.asp,,glen-johnson-horoscope.asp,
56,ness-wadia-horoscope.asp,shahnawaz-hussain-horoscope.asp,mansur-ali-khan-pataudi-horoscope.asp,betty-aberlin-horoscope.asp,aamir-khan-horoscope.asp,amjad-ali-khan-1-horoscope.asp,shirley-jackson-horoscope.asp,jimmy-johnson-horoscope.asp,,robert-a-hughes-horoscope.asp,adrienne-bailon-horoscope.asp,,daniel-cambronero-horoscope.asp,
57,jay-gould-horoscope.asp,sambit-patra-horoscope.asp,neil-broom-horoscope.asp,robert-downey-jr-horoscope.asp,abhishek-bachchan-horoscope.asp,amjad-ali-khan-horoscope.asp,ima-roberts-horoscope.asp,krishna-poonia-horoscope.asp,,jim-lewis-horoscope.asp,bernadette-peters-horoscope.asp,,jose-miguel-cubero-horoscope.asp,
58,sitaram-jaipuria-horoscope.asp,malavika-avinash-horoscope.asp,virat-kohli-horoscope.asp,bruce-wayne-horoscope.asp,kareena-kapoor-horoscope.asp,george-gershwin-horoscope.asp,ross-macdonald-horoscope.asp,steve-stone-horoscope.asp,,ernest-a-grant-horoscope.asp,loni-ackerman-horoscope.asp,,marco-urena-horoscope.asp,
59,jugal-kishore-birla-horoscope.asp,v-n-janaki-horoscope.asp,ishank-jaggi-horoscope.asp,monique-evans-horoscope.asp,sanjay-dutt-horoscope.asp,rahul-sharma-musician-horoscope.asp,michel-de-saint-pierre-horoscope.asp,sanjay-manjrekar-horoscope.asp,,ellen-black-horoscope.asp,ajay-gogavale-horoscope.asp,,diego-calvo-horoscope.asp,
60,ajit-shetty-horoscope.asp,y-s-rajasekhara-reddy-horoscope.asp,nitish-rana-horoscope.asp,bruce-ross-morgan-horoscope.asp,rajesh-khanna-horoscope.asp,bruce-springsteen-horoscope.asp,paul-adam-horoscope.asp,clifford-miranda-horoscope.asp,,suresh-shahasane-horoscope.asp,bela-shende-horoscope.asp,,roy-miller-horoscope.asp,
61,frank-lorenzo-horoscope.asp,shivajirao-adhalrao-patil-horoscope.asp,billy-stanlake-horoscope.asp,ashutosh-rana-horoscope.asp,raakhee-gulzar-1-horoscope.asp,john-coltrane-horoscope.asp,joseph-conrad-horoscope.asp,vikas-gowda-horoscope.asp,,emma-belle-donath-horoscope.asp,ganesh-hegde-horoscope.asp,,patrick-pemberton-horoscope.asp,
62,robert-vadra-horoscope.asp,kailash-vijayvargiya-horoscope.asp,mohammed-siraj-horoscope.asp,jorja-fox-horoscope.asp,raakhee-gulzar-horoscope.asp,liam-gallagher-horoscope.asp,john-rice-horoscope.asp,del-harris-horoscope.asp,,marcia-moore-horoscope.asp,yuvan-shankar-raja-horoscope.asp,,yeltsin-tejeda-horoscope.asp,
63,vikram-pandit-horoscope.asp,dr-subramaniam-swamy-horoscope.asp,anureet-singh-horoscope.asp,nick-jonas-horoscope.asp,meenakshi-seshadri-horoscope.asp,leonard-cohen-horoscope.asp,mark-twain-horoscope.asp,joe-montana-horoscope.asp,,r-santhanam-horoscope.asp,aadhi-hiphop-tamizha-horoscope.asp,,cristian-gamboa-horoscope.asp,
64,mary-bell-vincent-horoscope.asp,asaduddin-owaisi-horoscope.asp,ankit-rajpoot-horoscope.asp,chadwick-boseman-horoscope.asp,akashdeep-saighal-horoscope.asp,jennifer-hudson-horoscope.asp,caroline-kennedy-horoscope.asp,jitendra-singh-horoscope.asp,,pat-harris-horoscope.asp,d-imman-horoscope.asp,,junior-diaz-horoscope.asp,
65,ravi-ruia-horoscope.asp,vallabhbhai-patel-horoscope.asp,dushmantha-chameera-horoscope.asp,alexandra-brown-horoscope.asp,kader-khan-horoscope.asp,zubin-mehta-horoscope.asp,george-eliot-horoscope.asp,enzo-ferrari-horoscope.asp,,gary-christen-horoscope.asp,gv-prakash-horoscope.asp,,randall-brenes-horoscope.asp,
66,r-p-goenka-horoscope.asp,sanjay-singh-horoscope.asp,zahir-khan-horoscope.asp,traci-lords-horoscope.asp,kitu-gidwani-horoscope.asp,ustad-vilayat-khan-horoscope.asp,voltaire-horoscope.asp,brady-anderson-horoscope.asp,,john-frawley-horoscope.asp,anirudh-ravichander-horoscope.asp,,esteban-granados-horoscope.asp,
67,ramnath-goenka-horoscope.asp,arvind-kejriwal-horoscope.asp,darcy-short-horoscope.asp,tony-cimber-horoscope.asp,parmeet-sethi-horoscope.asp,rajab-ali-khan-horoscope.asp,william-tucker-horoscope.asp,mary-pierce-horoscope.asp,,garth-allen-horoscope.asp,sophia-abrahao-horoscope.asp,,waylon-francis-horoscope.asp,
68,arthur-murray-horoscope.asp,kim-jong-un-horoscope.asp,rahul-tripathi-horoscope.asp,tila-tequila-horoscope.asp,shraddha-nigam-horoscope.asp,kishan-maharaj-horoscope.asp,alexander-stuart-horoscope.asp,karanjit-singh-horoscope.asp,,larry-pines-horoscope.asp,cantika-abigail-horoscope.asp,,michael-barrantes-horoscope.asp,
69,billy-carter-horoscope.asp,bhayyuji-maharaj-horoscope.asp,tanmay-agarwal-horoscope.asp,sally-field-horoscope.asp,khushboo-horoscope.asp,barry-gibb-horoscope.asp,ann-e-parker-horoscope.asp,howie-long-horoscope.asp,,robert-cole-horoscope.asp,josh-abbott-horoscope.asp,,bryan-ruiz-horoscope.asp,
70,michael-o'leary-horoscope.asp,a-p-j-abdul-kalam-horoscope.asp,ricky-bhui-horoscope.asp,natasha-richardson-horoscope.asp,feroz-khan-horoscope.asp,mason-williams-horoscope.asp,david-hayward-horoscope.asp,nancy-lopez-horoscope.asp,,william-lilly-horoscope.asp,jess-abbott-horoscope.asp,,joel-campbell-horoscope.asp,
71,jamsetji-tata-horoscope.asp,atal-bihari-vajpayee-horoscope.asp,mehdi-hasan-horoscope.asp,marilyn-monroe-horoscope.asp,trisha-horoscope.asp,claude-debussy-horoscope.asp,kripalu-maharaj-horoscope.asp,guy-forget-horoscope.asp,,bill-meridian-horoscope.asp,gangubai-hangal-horoscope.asp,,david-myrie-horoscope.asp,
72,rama-prasad-goenka-horoscope.asp,biplab-kumar-deb-horoscope.asp,thangarasu-natarajan-horoscope.asp,jane-fonda-horoscope.asp,meghna-naidu-horoscope.asp,jim-reeves-horoscope.asp,robert-louis-stevenson-horoscope.asp,jackie-parker-horoscope.asp,,ce-mitchell-horoscope.asp,gurdas-maan-horoscope.asp,,christian-bolanos-horoscope.asp,
73,todd-e-fisher-horoscope.asp,digvijay-singh-horoscope.asp,basil-thampi-horoscope.asp,jennifer-ehle-horoscope.asp,sanjay-kapoor-horoscope.asp,harry-f-mills-horoscope.asp,dorothy-day-horoscope.asp,michel-bernard-horoscope.asp,,narayan-dutt-shrimali-horoscope.asp,harshdeep-kaur-horoscope.asp,,oscar-duarte-horoscope.asp,
74,roy-arnold-anderson-horoscope.asp,lalu-prasad-yadav-horoscope.asp,chris-jordan-horoscope.asp,barbara-hershey-horoscope.asp,prasoon-joshi-horoscope.asp,vishnu-digambar-paluskar-horoscope.asp,richard-lewis-horoscope.asp,deepak-thakur-horoscope.asp,,shrimali-narayan-dutt-horoscope.asp,bappi-lahiri-horoscope.asp,,celso-borges-horoscope.asp,
75,nusli-wadia-horoscope.asp,jai-ram-thakur-horoscope.asp,mohammad-nabi-horoscope.asp,anna-magnani-horoscope.asp,mahima-chaudhry-horoscope.asp,ratnakar-pai-horoscope.asp,robin-moore-horoscope.asp,glenn-davis-horoscope.asp,,press-roberts-horoscope.asp,anup-jalota-horoscope.asp,,michael-umana-horoscope.asp,
76,ted-turner-horoscope.asp,vijay-rupani-horoscope.asp,carlos-brathwaite-horoscope.asp,richard-wilson-horoscope.asp,aamna-sharif-horoscope.asp,jimmy-webb-horoscope.asp,dan-rather-horoscope.asp,marcus-james-jordan-horoscope.asp,,kathryn-lewis-horoscope.asp,pankaj-udhas-horoscope.asp,,giancarlo-gonzalez-horoscope.asp,
77,arun-bansal-horoscope.asp,jignesh-mevani-horoscope.asp,khaleel-ahmed-horoscope.asp,miracle-baby-page-horoscope.asp,amar-upadhyay-horoscope.asp,vishnu-narayan-bhatkhande-horoscope.asp,fyodor-dostoevsky-horoscope.asp,bill-rodgers-horoscope.asp,,richard-houck-horoscope.asp,malini-awasthi-horoscope.asp,,johnny-acosta-horoscope.asp,
78,abasaheb-garware-horoscope.asp,ram-nath-kovind-horoscope.asp,deepak-hooda-horoscope.asp,taylor-brooks-horoscope.asp,tulip-joshi-horoscope.asp,gary-duncan-horoscope.asp,jean-writer-horoscope.asp,danish-mujtaba-horoscope.asp,,jyotindra-hasbe-horoscope.asp,abida-parveen-horoscope.asp,,keylor-navas-horoscope.asp,
79,arthur-newman-horoscope.asp,jyoti-basu-horoscope.asp,aniruddha-joshi-horoscope.asp,ursula-andress-horoscope.asp,isabel-kaif-horoscope.asp,terri-clark-horoscope.asp,david-younger-horoscope.asp,matthew-solomon-horoscope.asp,,linda-goodman-horoscope.asp,nick-jonas-horoscope.asp,,carlos-valdes-horoscope.asp,
80,,sanjay-dutt-horoscope.asp,pavan-deshpande-horoscope.asp,alec-guinness-horoscope.asp,sonali-raut-horoscope.asp,leigh-stephens-horoscope.asp,h-g-wells-horoscope.asp,syed-rahim-nabi-horoscope.asp,,lee-williams-horoscope.asp,freddie-mercury-horoscope.asp,,faryd-mondragon-horoscope.asp,
81,,rajesh-khanna-horoscope.asp,kulwant-khejroliya-horoscope.asp,ava-gardner-horoscope.asp,jeetendra-horoscope.asp,ronnie-king-horoscope.asp,jack-anderson-horoscope.asp,monica-seles-horoscope.asp,,michael-elliott-horoscope.asp,zayn-malik-horoscope.asp,,juan-fernando-quintero-horoscope.asp,
82,,surendra-singh-baghel-horoscope.asp,murugan-ashwin-horoscope.asp,david-garrick-horoscope.asp,richa-pallod-horoscope.asp,jim-carroll-horoscope.asp,sylvia-brown-horoscope.asp,tracy-austin-horoscope.asp,,stephen-paul-connors-horoscope.asp,merle-haggard-horoscope.asp,,adrian-ramos-horoscope.asp,
83,,s-p-singh-baghel-horoscope.asp,navdeep-saini-horoscope.asp,tom-cruise-horoscope.asp,aparna-nair-horoscope.asp,john-west-horoscope.asp,visvesvaraya-horoscope.asp,tony-gabriel-horoscope.asp,,dane-rudhyar-horoscope.asp,harry-styles-horoscope.asp,,juan-camilo-zuniga-horoscope.asp,
84,,raja-ram-pal-horoscope.asp,sarfaraz-khan-horoscope.asp,joan-crawford-horoscope.asp,ritu-barmecha-horoscope.asp,justin-bieber-horoscope.asp,vinoba-bhave-horoscope.asp,joydeep-karmakar-horoscope.asp,,gavin-arthur-horoscope.asp,brendon-urie-horoscope.asp,,carlos-bacca-horoscope.asp,
85,,sarika-singh-baghel-horoscope.asp,mahipal-lomror-horoscope.asp,deborah-kerr-horoscope.asp,pallavi-subhash-horoscope.asp,aditya-kalyanpur-horoscope.asp,victor-hugo-horoscope.asp,eddie-edwards-horoscope.asp,,sepharial-horoscope.asp,harshita-dahiya-horoscope.asp,,eder-alvarez-balanta-horoscope.asp,
86,,akhilesh-yadav-horoscope.asp,jatin-saxena-horoscope.asp,danny-kaye-horoscope.asp,tanu-roy-horoscope.asp,isaac-stern-horoscope.asp,leo-tolstoy-1-horoscope.asp,ted-johnson-horoscope.asp,,raphael-i-horoscope.asp,taylor-swift-horoscope.asp,,victor-ibarbo-horoscope.asp,
87,,manmohan-singh-horoscope.asp,prashant-chopra-horoscope.asp,edmund-kean-horoscope.asp,sulagna-panigrahi-horoscope.asp,vijay-ghate-horoscope.asp,aleksandr-solzhenitsyn-horoscope.asp,kenny-moore-horoscope.asp,,mark-lerner-horoscope.asp,adele-horoscope.asp,,alexander-mejia-horoscope.asp,
88,,sonia-gandhi-horoscope.asp,shreyas-gopal-horoscope.asp,peter-otoole-horoscope.asp,pooja-ramachandran-horoscope.asp,john-cale-horoscope.asp,carl-sagan-horoscope.asp,steve-walsh-horoscope.asp,,manik-chand-jain-horoscope.asp,the-weeknd-horoscope.asp,,fredy-guarin-horoscope.asp,
89,,rahul-gandhi-1-horoscope.asp,sudhesan-midhun-horoscope.asp,diane-keaton-horoscope.asp,victor-banerjee-horoscope.asp,mogubai-kurdikar-horoscope.asp,jean-jacques-rousseau-horoscope.asp,matt-williams-horoscope.asp,,alois-treindl-horoscope.asp,traci-lords-horoscope.asp,,camilo-vargas-horoscope.asp,
90,,anna-hazare-horoscope.asp,aryaman-vikram-birla-horoscope.asp,anita-ekberg-horoscope.asp,richa-soni-horoscope.asp,roshan-horoscope.asp,rajendra-k-pachauri-horoscope.asp,tina-brown-horoscope.asp,,adze-mixxe-horoscope.asp,shirley-bassey-horoscope.asp,,juan-guillermo-cuadrado-horoscope.asp,
91,,mamata-banerjee-horoscope.asp,aryaman-vikram-birla-horoscope.asp,charles-bronson-horoscope.asp,pramod-chakravorty-horoscope.asp,kesarbai-kerkar-horoscope.asp,oscar-wilde-horoscope.asp,dara-singh-horoscope.asp,,robert-pelletier-horoscope.asp,christina-aguilera-horoscope.asp,,james-rodriguez-horoscope.asp,
92,,harish-rawat-horoscope.asp,krishnappa-gowtham-horoscope.asp,nargis-fakhri-horoscope.asp,nikitin-dheer-horoscope.asp,ronnie-wood-horoscope.asp,o-henry-horoscope.asp,billy-sunday-horoscope.asp,,anelson-page-horoscope.asp,danny-kaye-horoscope.asp,,teofilo-gutierrez-horoscope.asp,
93,,kalvakuntla-chandrashekar-rao-horoscope.asp,jofra-archer-horoscope.asp,roger-moore-horoscope.asp,gautam-rode-horoscope.asp,matthew-bellamy-horoscope.asp,alfred-nobel-horoscope.asp,warren-moon-horoscope.asp,,martin-harvey-horoscope.asp,juhi-parmar-horoscope.asp,,abel-aguilar-horoscope.asp,
94,,jayalalithaa-jayaram-horoscope.asp,mohsin-khan-horoscope.asp,robert-walker-horoscope.asp,sabyasachi-chakrabarty-horoscope.asp,courtney-love-horoscope.asp,nirendranath-chakravarty-horoscope.asp,kyle-mills-horoscope.asp,,douglas-block-horoscope.asp,justin-bieber-horoscope.asp,,pablo-armero-horoscope.asp,
95,,pawan-kumar-chamling-horoscope.asp,anukul-roy-horoscope.asp,julie-andrews-horoscope.asp,sharad-malhotra-horoscope.asp,inayat-khan-horoscope.asp,helen-keller-horoscope.asp,bob-shannon-horoscope.asp,,erin-sullivan-horoscope.asp,lulu-kennedy-horoscope.asp,,carlos-sanchez-horoscope.asp,
96,,vasundhara-raje-horoscope.asp,sharad-lumba-horoscope.asp,philippe-noiret-horoscope.asp,atul-kasbekar-horoscope.asp,michael-monarch-horoscope.asp,jyotirao-phule-horoscope.asp,stanislas-wawrinka-horoscope.asp,,drdouglas-m-baker-horoscope.asp,cliff-richard-horoscope.asp,,carlos-carbonero-horoscope.asp,
97,,parkash-singh-badal-horoscope.asp,siddhesh-lad-horoscope.asp,ashley-hamilton-horoscope.asp,siddharth-mallya-horoscope.asp,kanye-west-horoscope.asp,jane-austen-horoscope.asp,ram-singh-yadav-horoscope.asp,,bangalore-s-rao-horoscope.asp,paul-simon-horoscope.asp,,santiago-arias-horoscope.asp,
98,,n-rangaswamy-horoscope.asp,md-nidheesh-horoscope.asp,melissa-anderson-horoscope.asp,priyanka-kothari-horoscope.asp,david-guetta-horoscope.asp,asaram-bapu-horoscope.asp,pat-tillman-horoscope.asp,,reinhold-ebertin-horoscope.asp,ashley-hamilton-horoscope.asp,,mario-yepes-horoscope.asp,
99,,naveen-patnaik-horoscope.asp,tajinder-singh-horoscope.asp,jessica-gomes-horoscope.asp,aditi-sharma-horoscope.asp,frederic-talgorn-horoscope.asp,asaram-bapu-1-horoscope.asp,greg-harris-horoscope.asp,,dennis-elwell-horoscope.asp,jerry-lee-lewis-horoscope.asp,,cristian-zapata-horoscope.asp,
100,,t-r-zeliang-horoscope.asp,jason-behrendorff-horoscope.asp,jason-alexander-horoscope.asp,udaya-bhanu-horoscope.asp,record-producer-horoscope.asp,susan-lucas-horoscope.asp,gary-player-horoscope.asp,,sheel-k-mishra-horoscope.asp,julie-london-horoscope.asp,,david-ospina-horoscope.asp,
101,,lal-thanhawla-horoscope.asp,rahul-chahar-horoscope.asp,j-giovanni-horoscope.asp,shweta-pandit-horoscope.asp,jay-singer-horoscope.asp,michael-s-palmer-horoscope.asp,bobbi-adams-horoscope.asp,,barbara-hand-clow-horoscope.asp,p-b-sreenivas-horoscope.asp,,laurent-ciman-horoscope.asp,
102,,okram-ibobi-singh-horoscope.asp,ben-cutting-horoscope.asp,robin-rose-horoscope.asp,rachana-maurya-horoscope.asp,hariprasad-chaurasia-horoscope.asp,amit-varma-horoscope.asp,ronjan-sodhi-horoscope.asp,,radheshyam-shastri-horoscope.asp,cass-elliot-horoscope.asp,,nacer-chadli-horoscope.asp,
103,,raghubar-das-horoscope.asp,evin-lewis-horoscope.asp,jeremy-irons-horoscope.asp,poonam-kaur-horoscope.asp,abu-salem-horoscope.asp,amelia-earhart-horoscope.asp,venus-williams-horoscope.asp,,b-suryanarayana-rao-horoscope.asp,surinder-kaur-horoscope.asp,,anthony-vanden-borre-horoscope.asp,
104,,mufti-mohammad-sayeed-horoscope.asp,ishan-kishan-horoscope.asp,frances-farmer-horoscope.asp,shraddha-arya-horoscope.asp,hale-smith-horoscope.asp,acharya-chatursen-horoscope.asp,jim-hill-horoscope.asp,,mary-w-boyd-horoscope.asp,chinmayi-sripada-horoscope.asp,,adnan-januzaj-horoscope.asp,
105,,manohar-lal-khattar-horoscope.asp,krunal-pandya-horoscope.asp,robert-blake-horoscope.asp,archana-gupta-horoscope.asp,kellie-pickler-horoscope.asp,kazi-nazrul-islam-horoscope.asp,george-bell-horoscope.asp,,mary-adams-lloyd-horoscope.asp,christian-horoscope.asp,,mousa-dembele-horoscope.asp,
106,,anandiben-patel-horoscope.asp,mayank-dagar-horoscope.asp,paula-moore-horoscope.asp,poonam-bajwa-horoscope.asp,richard-rodgers-horoscope.asp,iftikhar-muhammad-chaudhry-horoscope.asp,nirmal-chettri-horoscope.asp,,margaret-m-gilbert-horoscope.asp,leann-rimes-horoscope.asp,,nicolas-lombaerts-horoscope.asp,
107,,nitish-kumar-horoscope.asp,mayank-dagar-horoscope.asp,anne-francis-horoscope.asp,sindhu-menon-horoscope.asp,rahul-dev-burman-horoscope.asp,johann-wolfgang-von-goethe-horoscope.asp,peyton-manning-horoscope.asp,,marc-robertson-horoscope.asp,tony-martin-jr-horoscope.asp,,divock-origi-horoscope.asp,
108,,tarun-gogoi-horoscope.asp,pardeep-sahu-horoscope.asp,jane-graham-horoscope.asp,swathi-reddy-horoscope.asp,ray-davies-horoscope.asp,gore-vidal-horoscope.asp,serena-williams-1-horoscope.asp,,howard-sheldon-horoscope.asp,david-soul-horoscope.asp,,steven-defour-horoscope.asp,
109,,nabam-tuki-horoscope.asp,manzoor-dar-horoscope.asp,frank-rice-horoscope.asp,nikesha-patel-horoscope.asp,paul-mccartney-horoscope.asp,paul-foster-case-horoscope.asp,marilyn-bell-horoscope.asp,,maya-del-mar-horoscope.asp,neeti-mohan-horoscope.asp,,daniel-van-buyten-horoscope.asp,
110,,n-chandrababu-naidu-horoscope.asp,akshdeep-nath-horoscope.asp,scott-brady-horoscope.asp,isha-chawla-horoscope.asp,louis-alter-horoscope.asp,thomas-wolfe-horoscope.asp,viswanathan-anand-1-horoscope.asp,,russell-grant-horoscope.asp,krishnakumar-kunnath-horoscope.asp,,dries-mertens-horoscope.asp,
111,,praful-patel-horoscope.asp,ben-dwarshuis-horoscope.asp,tom-wilson-horoscope.asp,shraddha-das-horoscope.asp,richard-strauss-horoscope.asp,joanna-davis-horoscope.asp,p-t-usha-horoscope.asp,,diana-stone-horoscope.asp,shaan-horoscope.asp,,sammy-bossut-horoscope.asp,
112,,khaleda-zia-horoscope.asp,barinder-sran-horoscope.asp,edwin-james-horoscope.asp,hamsa-nandini-horoscope.asp,vasant-desai-horoscope.asp,graham-greene-horoscope.asp,javagal-srinath-horoscope.asp,,john-robert-hawkins-horoscope.asp,rahat-fateh-ali-khan-horoscope.asp,,simon-mignolet-horoscope.asp,
113,,suresh-prabhakar-prabhu-horoscope.asp,apoorv-wankhade-horoscope.asp,jeremy-steele-horoscope.asp,rakshita-horoscope.asp,les-paul-horoscope.asp,fakir-mohan-senapati-horoscope.asp,garfield-sobers-1-horoscope.asp,,james-s-garrett-horoscope.asp,mamta-sharma-horoscope.asp,,kevin-mirallas-horoscope.asp,
114,,laxmikant-parsekar-horoscope.asp,javon-searles-horoscope.asp,nick-phillips-horoscope.asp,shweta-menon-horoscope.asp,prince-horoscope.asp,t-s-eliot-horoscope.asp,o-j-simpson-horoscope.asp,,jayj-jacobs-horoscope.asp,sonu-nigam-horoscope.asp,,romelu-lukaku-horoscope.asp,
115,,devendra-fadnavis-horoscope.asp,cameron-delport-horoscope.asp,peter-sellers-horoscope.asp,varun-sandesh-horoscope.asp,steve-vai-horoscope.asp,arthur-conan-doyle-horoscope.asp,dennis-rodman-horoscope.asp,,joseph-crane-horoscope.asp,sukhwinder-singh-horoscope.asp,,kevin-de-bruyne-horoscope.asp,
116,,v-s-achuthanandan-horoscope.asp,rinku-singh-horoscope.asp,jean-louis-barrault-horoscope.asp,shweta-prasad-horoscope.asp,govindrao-tembe-horoscope.asp,ramdhari-singh-dinkar-horoscope.asp,viv-richards-horoscope.asp,,lorne-johndro-horoscope.asp,diljit-dosanjh-horoscope.asp,,axel-witsel-horoscope.asp,
117,,eisenhower-horoscope.asp,shubman-gill-horoscope.asp,faye-dunaway-horoscope.asp,mamta-mohandas-horoscope.asp,roger-ball-horoscope.asp,shobhaa-de-horoscope.asp,prakash-padukone-horoscope.asp,,betty-collins-horoscope.asp,sunidhi-chauhan-horoscope.asp,,jan-vertonghen-horoscope.asp,
118,,john-dean-horoscope.asp,shivam-mavi-horoscope.asp,martine-beswick-horoscope.asp,pooja-batra-horoscope.asp,wynonna-judd-horoscope.asp,faith-baldwin-horoscope.asp,ashish-nehra-horoscope.asp,,pamela-crane-horoscope.asp,palak-muchhal-horoscope.asp,,vincent-kompany-horoscope.asp,
119,,lakshmi-panabaka-horoscope.asp,kamlesh-nagarkoti-horoscope.asp,farrah-fawcett-horoscope.asp,ayesha-jhulka-horoscope.asp,david-gaines-horoscope.asp,agatha-christie-horoscope.asp,sania-mirza-horoscope.asp,,anne-elliott-horoscope.asp,arijit-singh-horoscope.asp,,thomas-vermaelen-horoscope.asp,
120,,om-prakash-chautala-horoscope.asp,andrew-tye-horoscope.asp,claudia-cardinale-horoscope.asp,mamta-kulkarni-horoscope.asp,miles-davis-horoscope.asp,anton-chekhov-horoscope.asp,alexander-james-mill-horoscope.asp,,george-h-bailey-horoscope.asp,shreya-ghoshal-horoscope.asp,,toby-alderweireld-horoscope.asp,
121,,sriprakash-jaiswal-horoscope.asp,shardul-thakur-horoscope.asp,ann-margret-horoscope.asp,kartika-rane-horoscope.asp,bob-dylan-horoscope.asp,chandrashekarendra-saraswati-horoscope.asp,leander-paes-horoscope.asp,,gopesh-kumar-ojha-horoscope.asp,daler-mehndi-horoscope.asp,,thibaut-courtois-horoscope.asp,
122,,hassan-rouhani-horoscope.asp,sayan-ghosh-horoscope.asp,jayne-mansfield-horoscope.asp,kulraj-randhawa-horoscope.asp,justin-timberlake-horoscope.asp,bankim-chandra-chattopadhyay-1-horoscope.asp,brian-lara-horoscope.asp,,pm-chancellor-horoscope.asp,kenny-rogers-horoscope.asp,,christoph-kramer-horoscope.asp,
123,,selja-kumari-horoscope.asp,sandeep-lamichhane-horoscope.asp,tahnee-welch-horoscope.asp,sushant-singh-horoscope.asp,jean-francois-horoscope.asp,bankim-chandra-chattopadhyay-horoscope.asp,kapil-dev-1-horoscope.asp,,hdouglas-miller-horoscope.asp,javed-bashir-horoscope.asp,,roman-weidenfeller-horoscope.asp,
124,,frank-bainimarama-horoscope.asp,manjot-kalra-horoscope.asp,ariana-grande-horoscope.asp,surveen-chawla-horoscope.asp,chris-bank-horoscope.asp,harivanshrai-bachchan-horoscope.asp,michael-jordan-horoscope.asp,,catherine-grant-horoscope.asp,mika-singh-horoscope.asp,,shkodran-mustafi-horoscope.asp,
125,,mahadeo-singh-khandela-horoscope.asp,jayant-yadav-horoscope.asp,lily-tomlin-horoscope.asp,haji-mastan-horoscope.asp,sharda-sinha-horoscope.asp,sri-aurobindo-horoscope.asp,sanath-jayasuriya-horoscope.asp,,kelly-quinn-horoscope.asp,sarah-brightman-horoscope.asp,,jerome-boateng-horoscope.asp,
126,,ashraf-ghani-horoscope.asp,abhishek-sharma-horoscope.asp,steve-wright-horoscope.asp,padma-lakshmi-horoscope.asp,maurice-andre-horoscope.asp,ed-sullivan-horoscope.asp,allen-miller-horoscope.asp,,k-s-krishnamurti-horoscope.asp,shinta-naomi-horoscope.asp,,mario-gotze-horoscope.asp,
127,,bobby-jindal-horoscope.asp,avesh-khan-horoscope.asp,elizabeth-ashley-horoscope.asp,madhur-bhandarkar-horoscope.asp,manik-varma-horoscope.asp,anandamayi-ma-horoscope.asp,alan-page-horoscope.asp,,vishnu-gopal-navathe-horoscope.asp,mike-douglas-horoscope.asp,,per-mertesacker-horoscope.asp,
128,,xi-jinping-horoscope.asp,colin-munro-horoscope.asp,kay-parker-horoscope.asp,bhairavi-goswami-horoscope.asp,david-byrne-horoscope.asp,mulk-raj-anand-horoscope.asp,ben-thomas-horoscope.asp,,gayatri-devi-vasudev-horoscope.asp,sunitha-upadrashta-horoscope.asp,,philipp-lahm-horoscope.asp,
129,,nallari-kiran-kumar-reddy-horoscope.asp,narayan-jagadeesan-horoscope.asp,david-soul-horoscope.asp,danny-denzongpa-horoscope.asp,victoria-beckham-horoscope.asp,amrita-pritam-1-horoscope.asp,jim-smith-horoscope.asp,,angel-thompson-horoscope.asp,neha-bhasin-horoscope.asp,,erik-durm-horoscope.asp,
130,,john-smith-horoscope.asp,yuvraj-singh-horoscope.asp,george-montgomery-horoscope.asp,daisy-shah-horoscope.asp,hank-snow-horoscope.asp,amrita-pritam-horoscope.asp,aditi-mutatkar-horoscope.asp,,moon-moore-horoscope.asp,ustad-ghulam-mustafa-khan-horoscope.asp,,julian-draxler-horoscope.asp,
131,,shanta-kumar-horoscope.asp,rashid-khan-horoscope.asp,will-edward-rose-horoscope.asp,rochelle-rao-horoscope.asp,tyagaraja-horoscope.asp,ts-eliot-horoscope.asp,yves-cros-horoscope.asp,,drew-lawrence-horoscope.asp,kristina-pelakova-horoscope.asp,,ron-robert-zieler-horoscope.asp,
132,,goh-chok-tong-horoscope.asp,shreyas-iyer-horoscope.asp,dr-vivian-long-horoscope.asp,radhika-kumaraswamy-horoscope.asp,robert-shaw-horoscope.asp,ted-kennedy-jr-horoscope.asp,pamela-church-horoscope.asp,,marion-march-horoscope.asp,jeff-phillips-horoscope.asp,,miroslav-klose-horoscope.asp,
133,,hamid-karzai-horoscope.asp,washington-sundar-horoscope.asp,ralph-houston-horoscope.asp,deeksha-seth-horoscope.asp,shrinivas-khale-horoscope.asp,morari-bapu-horoscope.asp,derrick-rose-horoscope.asp,,,gloria-christian-horoscope.asp,,lukas-podolski-horoscope.asp,
134,,kanimozhi-horoscope.asp,rajneesh-gurbani-horoscope.asp,river-phoenix-horoscope.asp,sandeepa-dhar-horoscope.asp,ustad-allah-rakha-horoscope.asp,william-faulkner-horoscope.asp,carl-thomas-horoscope.asp,,,anne-murray-horoscope.asp,,andre-schurrle-horoscope.asp,
135,,usha-thakur-horoscope.asp,prithvi-shaw-horoscope.asp,john-scott-fisher-horoscope.asp,tiger-shroff-horoscope.asp,nayan-ghosh-horoscope.asp,fscott-fitzgerald-horoscope.asp,amit-bhandari-horoscope.asp,,,boy-george-horoscope.asp,,sami-khedira-horoscope.asp,
136,,basappa-danappa-jatti-horoscope.asp,mohammed-shami-horoscope.asp,jeff-davis-horoscope.asp,kriti-sanon-horoscope.asp,yehudi-menuhin-horoscope.asp,angela-merkel-horoscope.asp,george-archer-horoscope.asp,,,vijay-actor-horoscope.asp,,mats-hummels-horoscope.asp,
137,,sami-ul-haq-horoscope.asp,kuldeep-yadav-horoscope.asp,shane-richie-horoscope.asp,rahul-roy-horoscope.asp,monique-de-la-bruchollerie-horoscope.asp,robert-fisher-horoscope.asp,greg-chappell-horoscope.asp,,,roy-black-horoscope.asp,,benedikt-howedes-horoscope.asp,
138,,zaid-hamid-horoscope.asp,k-l-rahul-horoscope.asp,joan-allen-horoscope.asp,subhash-ghai-horoscope.asp,lori-black-horoscope.asp,h-g-wells-horoscope.asp,donald-bradman-horoscope.asp,,,neil-diamond-horoscope.asp,,matthias-ginter-horoscope.asp,
139,,pradeep-jain-aditya-horoscope.asp,luke-ronchi-horoscope.asp,kathie-lee-gifford-horoscope.asp,manmohan-desai-horoscope.asp,amit-trivedi-horoscope.asp,stephen-king-horoscope.asp,donald-bradman-1-horoscope.asp,,,mac-davis-horoscope.asp,,kevin-grobkreutz-horoscope.asp,
140,,sushil-kumar-shinde-horoscope.asp,mitchell-santner-horoscope.asp,susan-stjames-horoscope.asp,amjad-khan-horoscope.asp,kumar-bose-horoscope.asp,hg-wells-horoscope.asp,bjorn-borg-horoscope.asp,,,jack-jones-horoscope.asp,,jose-maria-basanta-horoscope.asp,
141,,ban-ki-moon-horoscope.asp,tim-southee-horoscope.asp,robin-williams-horoscope.asp,g-p-sippy-horoscope.asp,paris-jackson-horoscope.asp,upton-sinclair-horoscope.asp,martin-guptill-horoscope.asp,,,rod-stewart-horoscope.asp,,ezequiel-lavezzi-horoscope.asp,
142,,prem-singh-chandumajra-horoscope.asp,jeetan-patel-horoscope.asp,lauren-bacall-horoscope.asp,sajid-nadiadwala-horoscope.asp,bade-ghulam-ali-khan-horoscope.asp,tony-abbott-horoscope.asp,boris-becker-1-horoscope.asp,,,johnnie-ray-horoscope.asp,,mariano-andujar-horoscope.asp,
143,,pankaj-singh-horoscope.asp,james-neesham-horoscope.asp,paula-prentiss-horoscope.asp,ashwini-kalsekar-horoscope.asp,leon-russell-horoscope.asp,kunwar-narayan-horoscope.asp,mohammad-azharuddin-horoscope.asp,,,scott-walker-horoscope.asp,,ricardo-gabriel-alvarez-horoscope.asp,
144,,johnson-president-horoscope.asp,adam-milne-horoscope.asp,dolores-hart-horoscope.asp,sharat-saxena-horoscope.asp,johann-sebastian-bach-horoscope.asp,murari-lal-sharma-neeras-horoscope.asp,bipul-sharma-horoscope.asp,,,donna-summer-horoscope.asp,,rodrigo-palacio-horoscope.asp,
145,,sushil-kumar-modi-horoscope.asp,mitchell-mcclenaghan-horoscope.asp,yvette-mimieux-horoscope.asp,amole-gupte-horoscope.asp,steve-norman-horoscope.asp,kaka-hathrasi-horoscope.asp,luke-pomersbach-horoscope.asp,,,john-denver-horoscope.asp,,federico-fernandez-horoscope.asp,
146,,prayuth-chan-ocha-horoscope.asp,tom-latham-horoscope.asp,susan-saint-james-horoscope.asp,koyal-rana-horoscope.asp,elizabeth-a-kelly-horoscope.asp,amitav-ghosh-horoscope.asp,francesco-totti-horoscope.asp,,,anna-russell-horoscope.asp,,marcos-rojo-horoscope.asp,
147,,george-wallace-horoscope.asp,colin-de-grandhomme-horoscope.asp,alana-stewart-horoscope.asp,ritesh-sidhwani-horoscope.asp,eddie-money-horoscope.asp,walter-brown-gibson-horoscope.asp,sheldon-jackson-horoscope.asp,,,ricky-martin-horoscope.asp,,martin-demichelis-horoscope.asp,
148,,meenakshi-lekhi-horoscope.asp,trent-boult-horoscope.asp,george-hamilton-horoscope.asp,chitrangada-singh-horoscope.asp,bismillah-khan-horoscope.asp,sharat-chandra-chattopadhyay-horoscope.asp,brendon-mccullum-horoscope.asp,,,dennis-morgan-horoscope.asp,,javier-mascherano-horoscope.asp,
149,,pete-wilson-horoscope.asp,corey-anderson-horoscope.asp,john-derek-horoscope.asp,ashutosh-gowariker-horoscope.asp,nat-king-cole-horoscope.asp,dh-lawrence-horoscope.asp,mike-schmidt-horoscope.asp,,,peter-criss-horoscope.asp,,augusto-fernandez-horoscope.asp,
150,,kiren-rijiju-horoscope.asp,kane-williamson-horoscope.asp,carol-a-smith-horoscope.asp,ramya-krishnan-horoscope.asp,paul-horn-horoscope.asp,leo-tolstoy-horoscope.asp,subhasish-roy-chowdhury-horoscope.asp,,,frank-sinatra-horoscope.asp,,agustin-orion-horoscope.asp,
151,,aziz-qureshi-horoscope.asp,farhaan-behardien-horoscope.asp,mary-bell-horoscope.asp,simran-bagga-horoscope.asp,billy-corgan-horoscope.asp,bharatendu-harishchandra-horoscope.asp,lakshmipathy-balaji-horoscope.asp,,,little-richard-horoscope.asp,,maxi-rodriguez-horoscope.asp,
152,,george-thoma-horoscope.asp,keshav-maharaj-horoscope.asp,john-holmes-horoscope.asp,s-p-balasubrahmanyam-horoscope.asp,paul-lambert-horoscope.asp,taylor-caldwell-horoscope.asp,serena-williams-horoscope.asp,,,imran-khan-singer-horoscope.asp,,enzo-perez-horoscope.asp,
153,,irom-chanu-sharmila-horoscope.asp,dwaine-pretorius-horoscope.asp,laura-martin-smith-horoscope.asp,s-j-surya-horoscope.asp,vaslav-nijinsky-horoscope.asp,pranav-mistry-horoscope.asp,jonathan-bairstow-horoscope.asp,,,jonathan-knight-horoscope.asp,,lucas-biglia-horoscope.asp,
154,,pankaja-munde-horoscope.asp,imran-tahir-horoscope.asp,sarah-grace-white-horoscope.asp,ramesh-sippy-horoscope.asp,robin-williamson-horoscope.asp,raghuram-rajan-horoscope.asp,joe-greene-horoscope.asp,,,gene-clark-horoscope.asp,,fernando-gago-horoscope.asp,
155,,shankar-dayal-sharma-horoscope.asp,kagiso-rabada-horoscope.asp,patrick-kennedy-horoscope.asp,suhaib-ilyasi-horoscope.asp,bobby-mcferrin-horoscope.asp,james-coats-horoscope.asp,hansie-cronje-horoscope.asp,,,david-lee-horoscope.asp,,pablo-zabaleta-horoscope.asp,
156,,g-janardhana-reddy-horoscope.asp,andile-phehlukwayo-horoscope.asp,h-campbell-horoscope.asp,nisha-yadav-horoscope.asp,franz-schubert-horoscope.asp,seamus-heaney-horoscope.asp,bishan-singh-bedi-horoscope.asp,,,neil-young-horoscope.asp,,hugo-campagnaro-horoscope.asp,
157,,bhagwant-maan-horoscope.asp,mark-wood-horoscope.asp,helen-mirren-horoscope.asp,krishna-abhishek-horoscope.asp,eddie-van-halen-horoscope.asp,paul-l-higgins-horoscope.asp,henrik-stenson-horoscope.asp,,,patti-page-horoscope.asp,,ezequiel-garay-horoscope.asp,
158,,ch-birender-singh-horoscope.asp,chris-woakes-horoscope.asp,kate-upton-horoscope.asp,atul-agnihotri-horoscope.asp,zakir-hussain-actor-horoscope.asp,edgar-rice-burroughs-horoscope.asp,marcelo-melo-horoscope.asp,,,mano-horoscope.asp,,sergio-romero-horoscope.asp,
159,,prabhat-jha-horoscope.asp,david-willey-horoscope.asp,laura-wilson-horoscope.asp,sonu-walia-horoscope.asp,david-bray-horoscope.asp,bhagwati-charan-verma-horoscope.asp,ambati-rayudu-horoscope.asp,,,manna-dey-horoscope.asp,,martin-silva-horoscope.asp,
160,,satya-pal-malik-horoscope.asp,jason-roy-horoscope.asp,devon-weeks-horoscope.asp,sangita-ghosh-horoscope.asp,antonio-vivaldi-horoscope.asp,mary-shelley-horoscope.asp,paolo-rossi-horoscope.asp,,,chuck-berry-horoscope.asp,,martin-caceres-horoscope.asp,
161,,dinesh-sharma-horoscope.asp,joe-root-horoscope.asp,faith-alexander-horoscope.asp,somy-ali-horoscope.asp,jon-bon-jovi-horoscope.asp,richard-blackwell-horoscope.asp,juan-martin-del-potro-horoscope.asp,,,a-r-rahman-horoscope.asp,,sebastian-coates-horoscope.asp,
162,,ram-shankar-horoscope.asp,adil-rashid-horoscope.asp,jackie-chan-horoscope.asp,sangeeta-bijlani-horoscope.asp,karen-carpenter-horoscope.asp,robertson-davies-horoscope.asp,gary-trent-horoscope.asp,,,naina-devi-horoscope.asp,,gaston-ramirez-horoscope.asp,
163,,shanti-bhushan-horoscope.asp,liam-plunkett-horoscope.asp,kristina-pelakova-horoscope.asp,harman-baweja-horoscope.asp,glenn-miller-horoscope.asp,arun-shourie-horoscope.asp,debabrata-das-horoscope.asp,,,lata-mangeshkar-1-horoscope.asp,,egidio-arevalo-horoscope.asp,
164,,kate-chase-horoscope.asp,jos-buttler-horoscope.asp,tony-costa-horoscope.asp,ameesha-patel-horoscope.asp,le-monte-young-horoscope.asp,susan-swan-horoscope.asp,thiago-silva-horoscope.asp,,,ann-wilson-horoscope.asp,,maximiliano-pereira-horoscope.asp,
165,,rita-bahuguna-horoscope.asp,alex-hales-horoscope.asp,don-murray-horoscope.asp,hansika-motwani-horoscope.asp,roma-syria-horoscope.asp,leonard-bernstein-horoscope.asp,sanjay-jagdale-horoscope.asp,,,sean-lennon-horoscope.asp,,diego-perez-horoscope.asp,
166,,matteo-renzi-horoscope.asp,sam-billings-horoscope.asp,alexandra-nicole-richard-horoscope.asp,sonam-horoscope.asp,billy-connolly-horoscope.asp,jorge-luis-borges-horoscope.asp,tiger-woods-horoscope.asp,,,amy-grant-horoscope.asp,,nicolas-lodeiro-horoscope.asp,
167,,munisamy-thambidurai-horoscope.asp,jake-ball-horoscope.asp,susan-george-horoscope.asp,shalini-kumar-horoscope.asp,george-harrison-horoscope.asp,narendra-dabholkar-horoscope.asp,sabine-lisicki-horoscope.asp,,,alanis-morissette-horoscope.asp,,jose-maria-gimenez-horoscope.asp,
168,,fuad-masum-horoscope.asp,moeen-ali-horoscope.asp,shirley-may-horoscope.asp,pooja-chopra-horoscope.asp,wolfgang-amadeus-mozart-horoscope.asp,sk-singhal-horoscope.asp,george-kay-horoscope.asp,,,abhijeet-sawant-horoscope.asp,,rodrigo-munoz-horoscope.asp,
169,,k-kavitha-horoscope.asp,shafiul-islam-horoscope.asp,baby-richmond-horoscope.asp,kamna-jethmalani-horoscope.asp,luciano-pavarotti-horoscope.asp,ray-bradbury-horoscope.asp,chris-gayle-horoscope.asp,,,aishwarya-majmudar-horoscope.asp,,christian-stuani-horoscope.asp,
170,,harsimrat-kaur-badal-horoscope.asp,mehedi-hasan-horoscope.asp,cindy-fox-horoscope.asp,ishita-sharma-horoscope.asp,kurt-cobain-horoscope.asp,dorothy-parker-horoscope.asp,arnold-palmer-horoscope.asp,,,gulshan-kumar-horoscope.asp,,diego-forlan-horoscope.asp,
171,,kuldeep-bishnoi-horoscope.asp,sunzamul-islam-horoscope.asp,susan-kelly-horoscope.asp,shweta-bhardwaj-horoscope.asp,joni-mitchell-horoscope.asp,roger-stephane-horoscope.asp,sudeep-tyagi-horoscope.asp,,,don-mclean-horoscope.asp,,abel-hernandez-horoscope.asp,
172,,sanjay-joshi-horoscope.asp,taskin-ahmed-horoscope.asp,david-essex-horoscope.asp,shazahn-padamsee-horoscope.asp,yoko-ono-horoscope.asp,gulzar-horoscope.asp,wayne-rooney-horoscope.asp,,,richard-harris-horoscope.asp,,cristian-rodriguez-horoscope.asp,
173,,winston-peters-horoscope.asp,rubel-hossain-horoscope.asp,annie-sprinkle-horoscope.asp,piaa-bajpai-horoscope.asp,khayyam-horoscope.asp,michael-c-smith-horoscope.asp,sachin-rana-horoscope.asp,,,britney-spears-horoscope.asp,,alvaro-pereira-horoscope.asp,
174,,priya-dutt-horoscope.asp,mustafizur-rahman-horoscope.asp,natalie-wood-horoscope.asp,parvathi-horoscope.asp,bhimsen-joshi-horoscope.asp,ted-hughes-horoscope.asp,ronaldo-horoscope.asp,,,lata-mangeshkar-horoscope.asp,,walter-gargano-horoscope.asp,
175,,phoolan-devi-horoscope.asp,mosaddek-hossain-horoscope.asp,charles-miller-horoscope.asp,nikita-thukral-horoscope.asp,peter-gabriel-horoscope.asp,bob-shell-horoscope.asp,jonjo-shelvey-horoscope.asp,,,jennifer-rush-horoscope.asp,,jorge-fucile-horoscope.asp,
176,,pratik-prakashbapu-patil-horoscope.asp,mahmudullah-horoscope.asp,richard-stuart-horoscope.asp,adah-sharma-horoscope.asp,david-grohl-horoscope.asp,julia-child-horoscope.asp,ravichandran-ashwin-horoscope.asp,,,brigitte-bardot-horoscope.asp,,diego-godin-horoscope.asp,
177,,brij-bhushan-sharan-singh-horoscope.asp,sabbir-rahman-horoscope.asp,mark-stuart-horoscope.asp,kutty-radhika-horoscope.asp,faiyaz-khan-horoscope.asp,vernon-jordan-horoscope.asp,tomas-berdych-horoscope.asp,,,asha-bhosle-horoscope.asp,,diego-lugano-horoscope.asp,
178,,ratna-singh-horoscope.asp,imrul-kayes-horoscope.asp,jose-gomez-horoscope.asp,evelyn-sharma-horoscope.asp,garth-brooks-horoscope.asp,aga-khan-horoscope.asp,dheeraj-jadhav-horoscope.asp,,,lynn-anderson-horoscope.asp,,fernando-muslera-horoscope.asp,
179,,sanjay-singh-horoscope.asp,soumya-sarkar-horoscope.asp,steve-blake-horoscope.asp,rahul-bhatt-horoscope.asp,bob-marley-horoscope.asp,helena-p-blavatsky-horoscope.asp,sreesanth-horoscope.asp,,,bryan-ferry-horoscope.asp,,jose-juan-vazquez-horoscope.asp,
